archetype,n_puprn,month,elec_imp_total_kwh_mean,elec_imp_total_kwh_50th,elec_imp_total_kwh_75th,elec_imp_total_kwh_25th,elec_imp_total_kwh_90th,elec_imp_total_kwh_10th,elec_imp_hh_peak_wh_mean,elec_imp_hh_peak_wh_50th,elec_imp_hh_peak_wh_75th,elec_imp_hh_peak_wh_25th,elec_imp_hh_peak_wh_90th,elec_imp_hh_peak_wh_10th,elec_imp_hh_min_wh_mean,elec_imp_hh_min_wh_50th,elec_imp_hh_min_wh_75th,elec_imp_hh_min_wh_25th,elec_imp_hh_min_wh_90th,elec_imp_hh_min_wh_10th
D,80,jul,180.394725,135.5613,219.799,104.4743,305.3339,77.7914,1313.7375,1282.5,1579.9,907.8,2073.5,727.8,24.3625,19,26.6,9.3,50.2,1.5
D,80,aug,165.4089625,129.1671,188.3703,97.7758,277.2469,68.7065,1269.8625,1221.2,1461.4,932.7,1777.1,659.8,23.5875,18.7,26.2,9.8,46.6,4.9
D,80,sep,174.7221625,130.2758,212.5761,102.2294,283.5392,76.6079,1303.5,1163,1519.7,1011.1,1825.7,741.6,24.725,19.9,29.1,9.9,51.8,5
D,80,oct,184.954725,140.214,244.2824,99.9774,325.3594,79.2942,1348.4125,1276.7,1596.7,1006.8,1872.2,726.1,24.1875,18.4,25.9,9.2,46.2,3.1
D,80,nov,187.50405,140.9545,204.8923,99.2347,315.1721,85.2866,1415.4875,1286.5,1650.7,1087.2,2124.7,751.9,25.075,18.6,28.9,9.6,45.9,2.8
D,80,dec,200.7487125,156.1527,235.4814,103.7239,346.6524,78.5756,1421.825,1293.5,1571.1,1013.6,2129.4,692,24.3,17,31,10,45.8,4.3
D,80,jan,194.111275,144.8077,222.6408,97.8316,326.1086,73.6879,1359.6375,1302.9,1529.9,978.4,1994.3,761,24.825,19.9,30,9.2,47,4.7
D,80,feb,174.380575,134.8621,207.1214,89.9646,322.8213,74.0469,1389.6375,1317.4,1595.3,925.5,1980.3,718.7,24.4,18.5,27.4,9.5,47.7,3.1
D,80,mar,183.08955,136.4037,218.3905,103.6032,306.1397,67.0326,1368.025,1283.9,1523.7,971.3,2114,736.3,24.5375,19.8,27.9,8.3,46.8,2.9
D,80,apr,166.891025,154.9254,212.5521,92.7599,286.6295,65.9358,1317.825,1201.7,1575.7,993.3,1860,701.2,22.95,19.2,28.3,9.5,44,2.7
D,80,may,166.55145,130.1139,192.5825,98.8911,271.9665,70.9704,1281.325,1218.4,1591.9,902.6,2011.4,716.2,23.1375,18.6,28.3,8.7,44.1,2.8
D,80,jun,164.5433375,144.8044,191.0665,94.7442,239.2363,61.3628,1255.3875,1254.4,1581.5,895.8,1933.4,711.6,23.125,20.1,26.1,8.1,48.6,2.9
EO,61,jul,320.2200164,293.5171,406.9403,181.9033,481.3782,133.2858,2011.491803,2033.7,2418.9,1560.3,2899.9,1106.1,41.1147541,28.7,49.6,19.1,89.2,0.5
EO,61,aug,330.8273115,319.2925,397.2278,213.5895,535.5218,127.3946,2076.819672,1921.5,2379.4,1626.4,3009.3,1227.5,39.72131148,25.2,50.3,14,72.3,0.5
EO,61,sep,343.4673607,293.0534,429.632,197.2466,625.967,141.498,2278.901639,2090,2890.7,1527.7,3495.8,1363.3,42.86885246,25.5,51.4,14.1,96.9,0.5
EO,61,oct,510.5246066,444.251,666.9252,299.8924,856.7883,186.9954,2750.459016,2453.4,3218.9,1788.8,4761,1469.2,45.81967213,25.2,53.5,11.2,110.2,0.1
EO,61,nov,727.4868689,686.3773,961.5991,423.4547,1220.0208,249.071,3228.098361,3017.6,4012.6,2406.7,4992,1749.2,52.31147541,23.8,47.6,18.4,94.9,0.5
EO,61,dec,871.7616066,788.937,1152.927,542.0499,1445.2992,250.9485,3331.819672,3055,4179.9,2477.1,5593.8,1854,54.2295082,29.5,54.6,20.9,115.2,9.2
EO,61,jan,952.9021311,973.0004,1223.4295,508.8059,1573.6064,296.8915,3340.655738,3127.7,4102.9,2515.5,5420.5,1937.9,62.16393443,28.5,58.8,20.2,90.6,2.1
EO,61,feb,772.5231475,752.1801,951.6643,403.9905,1263.4108,239.0584,3099.868852,2741.3,3674.4,2318.9,5234.6,1890.7,58.01639344,26.1,41.6,13.5,101.3,0.4
EO,61,mar,684.5035902,621.778,804.2886,424.6081,1203.325,203.9512,3057.918033,2790.6,3522.4,2311.7,5060.2,1568.5,46.49180328,25.5,46.9,14.6,87.2,1.5
EO,61,apr,506.9558197,463.3331,624.8678,281.0475,729.1869,168.2912,2771.852459,2424.9,3376.3,1954.4,4745.5,1579,42.13114754,23.9,43.1,14.4,88.7,0.8
EO,61,may,354.7011967,347.0325,424.515,206.5388,590.4621,108.9556,2346.786885,2242.3,2696.4,1647.3,3542.5,1108.2,40.06557377,25.1,43.8,16.4,79.2,0.9
EO,61,jun,314.381541,319.3908,373.1434,157.2802,594.4638,140.8796,2116.344262,1988.4,2604.3,1717.9,3032,1147.5,40.19672131,23.7,43.9,16.4,81.8,0.8
ER,164,jul,248.0763902,214.8764,297.1805,155.0607,419.5382,117.5912,1907.987805,1844.9,2276.5,1476.6,2802.1,1050.9,22.11585366,15.1,28.7,8,44.8,2.8
ER,164,aug,245.7011646,215.3132,308.189,146.6422,377.8996,105.368,1933.396341,1839.3,2205,1499.7,2814.2,981.2,21.47560976,13.8,25.7,7.4,46.9,2.7
ER,164,sep,245.6397805,197.1894,319.3362,149.3912,419.9593,100.4715,1974.932927,1840.4,2379.1,1495,2986.5,991.7,20.32317073,14.1,23.1,7.1,39.9,2
ER,164,oct,347.3270732,305.6218,435.4543,191.1908,612.8172,133.8331,2251.676829,2082.5,2798.3,1492.2,3403.3,1228.6,22.81097561,14.9,27.6,7.9,36.1,2.4
ER,164,nov,505.0817073,412.6443,664.9417,250.5208,994.9108,161.1638,2723.579268,2553.1,3315.9,1938.2,4597.1,1239.3,26.87804878,13.9,26.4,7.6,50.9,2.5
ER,164,dec,622.414811,544.5652,823.1319,298.159,1295.4402,162.3516,2890.865854,2598.8,3510.9,1950,4875.3,1197.2,35.23170732,14.8,31,7.7,55.8,2.9
ER,164,jan,676.031378,558.3491,956.5845,295.2609,1349.8576,185.6694,2848.865854,2691.7,3427.3,2047,4537.5,1292.2,37.73780488,16.6,33.3,7.8,62.2,3.2
ER,164,feb,534.2527805,461.3207,708.4087,236.797,1010.4048,129.622,2723.52439,2574.6,3219.6,1805.6,4238.5,1164.7,37.86585366,16.4,34.6,9.2,84.8,3
ER,164,mar,484.7325488,401.4238,659.4355,226.6688,945.6245,133.6024,2603.152439,2388.6,3190,1631.1,4058.3,1139.1,22.54268293,15.2,26.9,7,53.3,0
ER,164,apr,363.8623841,324.0493,481.4097,193.8737,660.9984,116.6803,2456.091463,2310.9,2962.7,1608.6,3928.6,1050.4,20.79878049,14.5,25,7,45.1,2.9
ER,164,may,266.2983537,235.6619,336.0345,151.7085,418.4984,99.4591,2059.70122,1949.9,2555.9,1434,3195.1,978.3,20.24390244,13.8,26.5,7.9,35.2,3.2
ER,164,jun,223.0979634,187.6598,286.9136,132.334,349.2253,89.4469,1899.329268,1741,2292.2,1307.6,2920.2,922.7,19.98170732,11.9,22.7,6.9,43.6,1.9
ES,130,jul,252.7608538,225.9574,318.7636,155.9606,394.0727,113.6698,1851.938462,1671.4,2259.6,1510,2944.8,908.9,20.93076923,15.2,23.5,7,36,0.3
ES,130,aug,251.149,218.7207,302.6177,152.2872,405.3885,94.7448,1926.369231,1705.5,2449.2,1528.8,2967.4,1057,21.71538462,14.8,28.3,8.3,42,3.1
ES,130,sep,264.2058154,224.7585,311.6869,148.6884,436.9988,110.9345,2071.984615,1833.7,2617.2,1543,3138.2,1069.8,23.33846154,15.2,27.1,6.7,59.2,2.4
ES,130,oct,406.2007615,329.0138,498.559,217.0802,790.5696,129.7729,2618.684615,2402.8,3385.5,1732.4,4475.5,1410.9,23.2,15,25.3,6.7,54.4,3.5
ES,130,nov,603.2301231,529.1276,827.7048,318.0944,1229.7406,162.303,3212.192308,2926.8,4102.6,2214.9,5371.2,1186,26.31538462,14.8,27.3,8,47.4,3.1
ES,130,dec,730.3591077,644.655,969.7659,323.6226,1464.4855,192.7725,3350.107692,3057.8,4461.1,2059.6,5481,1629.2,30.34615385,16.7,29.2,7.6,58.9,4.2
ES,130,jan,779.6168538,653.2273,1026.1412,414.2437,1462.5651,200.2703,3356.115385,3043.2,4346.1,2160,5554.8,1613.4,28.86153846,16,30.1,9.2,63.7,1.5
ES,130,feb,648.0734615,570.4336,904.545,287.2109,1200.2046,147.9631,3195.138462,2961.4,4332.1,2075.1,5396.8,1451.5,31.15384615,15.9,31.7,9.1,64.1,2.2
ES,130,mar,587.6408462,513.9911,798.6364,287.7157,1153.6389,132.5618,3051.638462,2688.4,4165.3,1930.9,5269.7,1474.4,26.16923077,14.6,29.5,7,55,2.4
ES,130,apr,429.0203308,364.9557,564.7679,217.3971,766.1023,112.9703,2854.084615,2660.1,3718.1,1826.9,4488,1111.9,19.7,13,23,7,55.4,3
ES,130,may,280.8725692,232.1163,327.8086,166.5017,542.199,97.0406,2236.223077,2000.1,2718.1,1656.9,3578.4,915.5,24.59230769,14,25.9,7.1,52.2,2.4
ES,130,jun,239.4968462,208.7304,266.8226,136.5515,399.6819,84.4353,1946.953846,1811.7,2222.1,1528.4,2976.3,1025.6,23.08461538,14.8,24.7,6.9,41.6,3.2
G10,583,jul,141.8967427,125.9158,175.5467,95.8974,227.6668,71.1237,1226.116638,1078.7,1478.3,840.6,2075.5,639.7,22.2109777,17,28.1,10,45.1,4
G10,583,aug,141.1550875,124.2256,170.5117,95.6959,224.0772,69.0162,1266.259005,1105.6,1516.5,843.3,2171.7,643.6,22.45797599,17,28.1,10,44.9,5
G10,583,sep,137.4557959,125.7036,169.3129,91.846,217.0794,69.4616,1270.883362,1142.6,1513,872,2068.2,663,21.74785592,16,27,10,44.1,5
G10,583,oct,154.7322573,136.2151,188.126,103.8936,240.1511,78.0724,1361.174957,1196,1648.1,921.6,2216.9,726.8,21.60377358,16,27.1,10,43,5
G10,583,nov,161.7251063,139.5096,198.8654,106.647,256.0257,81.5877,1432.524871,1225.4,1695.3,942.8,2411.9,736.2,22.87478559,17,28.2,10,45,5
G10,583,dec,176.5349537,152.8626,218.0535,113.7865,278.1453,83.33,1474.439108,1315.4,1745.1,1007.5,2463.7,762.4,22.47169811,17,27.4,10,43.8,5
G22,529,jan,463.025586,397.9718,536.6495,301.6427,745.0591,239.693,2419.398866,2145.2,2858.4,1732.6,3669.6,1443.8,47.98487713,35,58,21.1,87.5,13.1
G10,583,feb,150.2284117,133.9608,183.8429,98.4048,241.6039,74.4171,1430.334477,1250,1724.6,948.9,2384.5,763.4,21.31217839,16,26.5,10,43.3,4
G10,583,mar,152.6199571,134.7602,189.3029,98.6606,243.5604,72.8667,1392.308748,1205.9,1669.4,926.2,2337.4,728.5,20.44768439,16,26,10,42,5
G10,583,apr,135.7492196,121.1661,168.3343,91.2333,218.8263,67.3617,1346.560892,1173.1,1635.9,928,2169.4,698.1,20.19554031,15,25,10,41.4,5
G10,583,may,131.2214099,118.0141,163.2916,88.6589,207.8016,63.613,1280.502573,1143.3,1585.2,855.9,2084.6,657.1,20.25557461,16,25.9,9,43,4
G10,583,jun,123.6262779,112.7119,151.5745,83.9128,195.4627,61.8659,1201.679245,1042.2,1455.2,804.7,2015.4,614.6,20.11663808,16,25.8,10,41.2,5
G10p,699,jul,150.3012318,134.5749,174.4312,102.1323,232.1719,77.2581,1130.974249,1007.5,1342.4,791.8,1785.2,608.9,26.00286123,19,31.9,12,53,6
G10p,699,aug,150.8066581,133.6915,177.6233,102.6228,229.5984,77.882,1155.005722,1045.9,1364.3,805,1797.6,629.1,25.72246066,19,32,12,52.8,6
G10p,699,sep,147.2696381,131.0766,171.3292,100.0497,221.993,78.1408,1131.738197,1054.5,1369,817.6,1684.6,611.2,25.19456366,19,32,12,51.4,6
G10p,699,oct,168.5760572,147.2605,197.781,114.2313,270.3136,84.3929,1239.600858,1148.9,1496.3,877.8,1910.1,648.9,25.09155937,19,31.2,11,52.8,6
G10p,699,nov,182.8673262,157.5085,206.5622,120.4523,283.7299,91.2065,1291.456366,1190.4,1524,918.3,1972.4,703.6,24.96995708,18,31,11,50.6,7
G10p,699,dec,205.9606123,172.3936,230.5775,130.609,326.2415,94.3306,1386.490701,1270,1697.2,946.9,2213.8,708.3,25.89985694,18,31,11,51.1,6
G21,434,jan,408.5871659,341.9546,486.1509,260.1245,647.5762,194.1864,2196.993088,2009.9,2541.7,1546.4,3400.2,1277.2,42.7235023,32.7,52.8,19,77.1,11
G10p,699,feb,171.403402,145.5002,189.7604,111.626,272.6288,83.807,1287.194564,1156.5,1559.4,919.6,2018.4,687.3,25.31044349,19,31,11,50.3,5
G10p,699,mar,171.1223104,149.1588,195.7005,114.2968,268.1537,84.4242,1240.507868,1126.8,1493.2,890.7,1942.3,666.5,24.03004292,17,29,11,46.3,4.8
G10p,699,apr,153.4443619,133.1513,174.9871,102.2954,235.6862,75.3409,1211.329041,1111.2,1485.9,831.6,1914.4,620.2,24.42203147,18,29,12,49.1,6
G10p,699,may,144.9141173,128.8921,168.5869,99.3165,231.7728,72.1472,1161.334764,1043.2,1392.1,794.2,1874.7,599.5,24.1602289,18,30,11,49.2,5
G10p,699,jun,136.8307353,119.4441,159.2678,89.3727,208.0358,67.2132,1121.416309,995.5,1363.6,756.6,1798.5,547.7,24.50643777,19,30,12,47.8,6
G11,87,jul,186.0501149,179.121,207.8541,135.4003,247.2485,110.1549,1527.954023,1314.1,1849.7,1089.6,2605.8,782.7,21.04597701,17.2,26.3,10.9,43,8.2
G11,87,aug,175.0226207,166.9256,212.8123,138.5505,247.7564,107.3705,1555.402299,1482.6,1747.1,1101.5,2170.4,801.1,22.97701149,18.6,27.8,13.3,46.2,8.3
G11,87,sep,174.8791264,166.8237,217.8798,131.872,245.9855,111.5441,1561.908046,1429.4,1680.5,1087.9,2357,902.1,22.37931034,20.5,27.6,12.2,40.3,8.6
G11,87,oct,195.3267816,184.9093,257.5875,144.1603,299.2462,104.0382,1691.310345,1462.1,1991.7,1214.6,2533.3,851.5,22.2183908,19.2,28.7,10.6,41.4,9.3
G11,87,nov,206.2725747,192.0859,261.0469,141.3218,293.0926,111.8516,1721.229885,1530.1,1885.3,1201.2,2725.2,1008.5,21.5862069,16.3,28,10.2,39.2,9.1
G11,87,dec,225.9965977,212.9282,265.805,157.1214,319.2083,130.0766,1724.08046,1541.5,2028.5,1278.1,2730.6,890.6,21.27586207,16.1,26.5,10,42.4,2.3
G20,1621,jan,349.668578,292.3426,409.3403,215.4726,587.7145,162.0003,2023.813695,1864.6,2374.9,1426.2,3073,1152.4,40.31708822,29,49,17,85.3,10
G11,87,feb,195.6007701,190.4777,241.0956,146.3223,288.3609,113.755,1701.091954,1553.9,2029.2,1134.1,2956.7,878.2,23.01149425,17.4,30.7,13.1,48.8,9.2
G11,87,mar,201.0572759,195.0654,245.4174,145.0816,272.708,116.8083,1627.666667,1515.8,1778.6,1085.3,2506.8,943.1,21.94252874,16.1,25.2,10.6,38.3,9
G11,87,apr,176.9872759,171.0555,217.634,127.7007,268.2742,94.8262,1589.827586,1336.7,1715.9,1103.5,2720.6,841.7,21.59770115,14.9,26.5,9.9,42,8.1
G11,87,may,182.0065057,167.8728,231.6531,125.88,270.8689,90.7162,1631.045977,1367.7,1878,1060.4,2392.8,799.7,19.08045977,13.8,23.7,9.5,37.3,0.1
G11,87,jun,166.5243793,160.6265,214.0648,117.0587,236.6576,90.6925,1515.62069,1364.3,1728.1,1120.2,2280.3,857.1,21.29885057,16.8,27,10,41.3,8.7
G12,56,jul,224.7024107,189.001,244.6691,167.3695,313.7416,113.002,1723.928571,1619.1,1847.6,1144.1,2742.1,887.8,27.08928571,20.4,31.6,15,47.1,3.9
G12,56,aug,215.7233036,188.0663,252.3192,149.524,289.0781,119.2978,1691.535714,1396.1,1992.4,1072.2,2864.5,859.3,28.75,22.9,31,16.1,54.4,12.7
G12,56,sep,217.5642679,183.8758,238.9192,138.908,308.1144,125.7076,1668.196429,1491.3,1986,1069.3,2596.6,903.5,28.01785714,21.9,32.8,15.2,55,11.8
G12,56,oct,234.8940179,215.2107,242.805,170.7029,348.4109,133.3064,1852.678571,1536.4,2152.2,1199.7,2999.3,1083,28.96428571,22.6,33.3,15.1,52.1,11.5
G12,56,nov,246.5554464,226.765,250.7525,185.4991,372.5707,137.4004,1940.821429,1853.2,2202.4,1370.8,2997.4,986,26.14285714,19.6,33.2,14.4,50.1,3.6
G12,56,dec,273.947625,252.6184,298.3362,189.0372,431.7576,152.5499,1925.035714,1797.6,2300.3,1364.6,3012.6,1073.6,29.44642857,27.1,34.1,14,51,13
G20p,1221,jan,335.0043767,286.7886,396.6243,220.3721,554.6312,172.5384,1832.725635,1718.4,2154.5,1341.8,2701.8,1082.1,40.56592957,31,50,20,74.7,11
G12,56,feb,241.6883929,213.6808,237.9717,163.4115,343.7634,132.5569,1890.678571,1680.4,2125.8,1270.1,3051.7,1026.6,29.10714286,20.3,35.7,14.7,54.9,10.8
G12,56,mar,248.2923393,221.8114,255.6878,161.0608,365.2386,127.0094,1899.535714,1740,2211.9,1350.2,2638.1,1055.3,28.82142857,18.3,35.4,15.3,50.7,11.1
G12,56,apr,214.6236071,189.4295,225.7324,150.9891,347.0904,107.787,1742.696429,1453,1908.4,1173.3,2536.2,968.3,26.42857143,22.1,32.6,11.9,49,10.1
G12,56,may,214.9837143,191.6047,243.1548,145.0082,305.1972,115.1308,1757.589286,1554.3,1861.8,1181.8,3161.8,868.9,28.05357143,19,38.3,12.4,56.1,9.3
G12,56,jun,212.0587321,169.0483,230.0521,143.4456,281.8524,108.2001,1747.196429,1429.9,1858.1,1078.5,3030.3,863.9,24.08928571,15.6,24.8,9.4,59.4,0.5
G20,1621,jul,266.2610932,235.2156,321.769,174.6451,436.9167,129.4409,1695.906848,1546,1994,1201.1,2652,957.7,39.91116595,30,51,18,82.1,10
G20,1621,aug,265.4580654,237.2003,320.9322,171.1062,438.5229,126.6232,1728.247378,1582.5,2034.6,1217.8,2618.3,997.1,39.13448489,29,50,17,79.6,10
G20,1621,sep,256.7919328,227.4897,312.8661,169.0544,412.6292,124.7003,1743.84454,1600.6,2059.8,1237.2,2671.5,987.7,38.68291178,29,49,17,77.8,10
G20,1621,oct,291.3253442,256.082,353.625,187.2823,476.4933,142.5032,1856.161629,1709.5,2184.4,1316.6,2799.8,1071.5,38.04441703,29,48,17,75.7,10
G20,1621,nov,309.6382671,266.7761,368.1568,195.984,513.1934,148.6726,1928.242443,1771.2,2267.4,1365.6,2976.1,1094.6,38.82788402,28,47,17,81.2,10
G20,1621,dec,352.0014991,298.4158,420.4041,214.2993,599.2403,165.0044,2066.006786,1904.7,2444.1,1471.1,3150.2,1152.2,40.1573103,28,48,17,80.6,10
G12,56,jan,276.1563036,245.9249,318.9255,191.7555,408.5226,136.4499,1893.25,1689.1,2215.1,1382.6,3243.6,1129,29.75,19.8,37.2,14.5,48,12.1
G20,1621,feb,292.9247717,247.1832,349.3308,184.523,478.9418,135.3431,1931.421962,1782.5,2266,1350.9,2955.8,1086.5,39.36767428,28,47,17,78.9,10
G20,1621,mar,294.9415663,254.1949,349.8154,185.826,486.1241,138.3773,1888.032079,1711.6,2217.2,1322.3,2909.3,1087.2,37.59099321,28,46,17,74.4,10
G20,1621,apr,263.0694812,225.3516,317.3312,167.4164,432.2044,124.8749,1820.697717,1625.7,2123.1,1263.7,2841.7,1044.9,36.49475632,27,45,16,74.2,10
G20,1621,may,248.196261,218.329,299.3719,158.4828,402.4961,120.8796,1740.10364,1520.5,2004.7,1183.2,2835,975.5,35.65761875,27,45,16,72,9
G20,1621,jun,231.1480802,203.139,281.355,150.8285,381.255,113.6264,1669.586058,1466.6,1924.2,1148,2639.3,948.2,36.21714991,27,46,16,73.4,9
G20p,1221,jul,251.2023857,228.1926,293.9355,176.7575,382.7896,136.837,1518.587224,1397.8,1779.9,1123.9,2269.2,904.6,39.47092547,33,51,20,74.8,10
G20p,1221,aug,253.1935913,232.4749,298.031,180.1117,393.1025,139.2005,1573.72973,1450,1841.9,1152.1,2382,923.7,40.5012285,33,52,21,73.9,13
G20p,1221,sep,245.7143612,222.8797,293.5994,171.6051,380.7241,131.1335,1564.542998,1452.5,1819.5,1151.2,2313.5,919.1,38.56347256,32,50,20,71,11
G20p,1221,oct,277.865819,249.8661,323.5776,195.2677,438.5591,151.2579,1675.761671,1553.7,1970.1,1233,2463.2,1012,38.69287469,32,49,20,73.2,11
G20p,1221,nov,301.1352596,264.5826,355.0412,202.2162,483.8295,159.5532,1761.416052,1655.4,2083.6,1285.7,2598.3,1016.7,39.22932023,31,50,20,73.2,11
G20p,1221,dec,344.6239451,300.9586,409.3212,226.6199,555.8202,181.797,1905.813268,1769,2266,1383.4,2805.6,1124.7,41.3038493,32,51,20,73.8,13
G11,87,jan,236.9584023,231.3295,284.2489,174.4971,354.8676,140.6149,1781.83908,1523.2,2298.6,1175.3,3123.6,927.3,22.28735632,18.5,28.7,9.8,53,7.5
G20p,1221,feb,285.015131,248.6794,340.7848,190.8497,454.7406,145.7035,1767.817363,1622.4,2093.8,1297.2,2593.7,1047.8,39.42669943,31,49.8,19,74.9,10
G20p,1221,mar,283.5077314,249.9553,333.1483,191.7512,456.5295,146.0993,1703.072891,1567.7,2015.2,1238.5,2621.3,1009.1,37.93775594,31,48.1,19,73.3,11
G20p,1221,apr,253.1119812,225.151,299.0839,175.3247,401.166,133.1394,1666.285831,1513.4,1963,1182.9,2539.5,954,36.97461097,30,48,19,71,10
G20p,1221,may,237.7728296,212.3142,279.6681,165.1194,379.0818,126.2795,1555.129402,1404.7,1819.7,1128,2313.2,905.7,36.96478296,30,47,19,69,9.9
G20p,1221,jun,222.2554701,201.3177,263.2256,152.8723,354.795,120.1738,1501.004095,1358,1798.5,1081.2,2272.9,869.5,37.32104832,30,48,19,69.7,10
G21,434,jul,292.5362143,258.6128,357.6086,197.8184,461.4691,154.3512,1841.306452,1609.2,2104.4,1295.5,2877.6,1022.5,40.41705069,32,50,18,76.4,10
G21,434,aug,288.651477,252.2477,355.377,190.801,479.5487,149.9584,1876.12212,1680.4,2152.3,1276.9,3044.8,1032.8,39.85023041,31,52,16.9,74,9.9
G21,434,sep,292.2216083,259.8936,343.9457,195.3135,468.0321,152.1251,1880.357143,1688.8,2192.8,1333.1,2945.4,1062.6,39.89631336,31,50.2,18,68.9,11
G21,434,oct,327.35303,292.411,391.2177,220.472,526.1224,166.5684,2023.394009,1787.2,2370.5,1405.8,3064,1136.7,38.53686636,30,48.9,18,68.3,9.3
G21,434,nov,358.1618249,307.0456,415.6339,234.4613,580.8064,175.9703,2136.476959,1911.8,2509.2,1509.2,3303.4,1208.9,40.81797235,31,50.7,19,74.8,10.8
G21,434,dec,403.6962028,344.2953,485.6175,250.0433,665.1026,188.1706,2198.253456,1979.3,2569.1,1541,3569.6,1257.9,43.34562212,32,54.2,18,75.4,10.9
G10p,699,jan,200.8616209,167.8576,223.0833,127.6835,322.012,95.9747,1337.307582,1209.7,1629.1,937.4,2103.9,723.1,25.47639485,18,30,11,51,6
G21,434,feb,343.6131751,294.0397,416.6256,220.6697,565.0947,162.1321,2121.90553,1876.1,2489.4,1504.4,3355.1,1213.9,41.94470046,32,54,18,78.2,11
G21,434,mar,342.4764562,297.9126,398.8322,223.9222,559.3083,169.1819,2025.352535,1825.3,2352,1397.4,3280.1,1141.6,39.44700461,32.4,52.2,18,73.3,11.1
G21,434,apr,295.0629263,260.4876,356.3878,190.3985,494.102,146.3984,1944.619816,1747.1,2254,1345.3,3172.7,1070,36.81336406,28,48.1,16,67.2,8.1
G21,434,may,289.5471728,250.7678,346.0815,188.7649,478.895,146.5816,1878.990783,1663.5,2138.8,1294.1,3077.7,1038.5,38.08294931,28.9,47.1,17.2,69.9,10.1
G21,434,jun,266.98253,235.968,324.0498,172.9866,416.414,136.0693,1789.748848,1554.7,2029.4,1192.1,2898.5,994.7,38.22119816,29,48.2,18,69.2,10.2
G22,529,jul,326.6178129,298.7127,384.9379,229.7875,510.67,183.8417,1989.283554,1772.6,2288.3,1457,3053.2,1189.3,42.41776938,34.1,55.1,20,84,10
G22,529,aug,312.2005009,285.6082,374.0781,223.8838,484.101,158.8979,2012.689981,1827,2371.6,1413.6,3164.8,1156.3,39.03969754,32.1,52,17.8,76.9,8.8
G22,529,sep,335.6002533,306.9965,401.2676,234.0805,508.131,190.9009,2056.463138,1840.3,2372,1435.3,3109.8,1174.8,42.48960302,33.9,55.9,21,83.8,10.5
G22,529,oct,382.1480378,347.6771,441.9565,266.396,583.2867,219.4609,2225.187146,1979.9,2572.9,1617.7,3558.1,1332.3,42.14555766,32,54,20,81.5,13
G22,529,nov,416.5067391,367.4947,484.7172,280.1828,671.6896,220.1007,2324.990548,2114.1,2651.9,1677.4,3628.6,1386.9,44.34971645,34,55.7,21,86.9,11.7
G22,529,dec,454.697966,396.8015,529.057,307.6599,728.9337,241.0097,2446.463138,2211.9,2840.8,1776.3,3753.3,1433.4,46.00378072,34.1,56.1,21,87.7,12.9
G10,583,jan,178.3436346,154.6301,218.1362,115.7334,283.7777,84.1168,1448.475129,1265.6,1709.9,992.3,2367.7,806.4,22.02915952,16,26.8,10,44.7,5
G22,529,feb,385.1990567,334.7566,451.2206,255.8649,604.7123,203.6967,2357.655955,2138.2,2741.9,1666.1,3630.3,1396,45.3100189,34,56.1,20,79.6,11.2
G22,529,mar,393.5921645,343.1178,461.8703,259.34,624.5253,216.3423,2308.865784,2084.5,2665.4,1656.8,3710.5,1305.7,43.0926276,33,54.1,20.3,84.1,12.4
G22,529,apr,336.444431,302.511,392.0323,228.5535,537.5665,180.8835,2179.84121,1919,2506.4,1585.3,3547,1222.9,39.72022684,31,47.5,19,74.4,10.8
G22,529,may,328.3553251,287.7714,382.1353,225.2499,519.5864,175.4119,2064.831758,1812.6,2347.6,1444.9,3239.1,1179.4,39.79206049,30.9,50.9,18,77.2,10
G22,529,jun,300.6151701,265.4301,356.8247,206.8011,468.9356,158.0727,1999.285444,1748.9,2291.4,1410.5,3156.3,1167.3,39.90548204,30.9,52.1,19,83.9,11.3
N,194,jul,227.2913505,183.7116,270.8017,126.1048,440.737,96.4137,1568.762887,1375.1,1878,1061.2,2570.1,712.9,26.36082474,18.2,32.6,9.2,56.7,3.5
N,194,aug,224.4252577,187.1983,280.4389,126.1807,426.7586,96.3821,1594.561856,1425.4,1930.4,1009.9,2521.9,729.6,25.56185567,18.7,30.8,9.1,56.2,3
N,194,sep,224.7497371,180.5886,277.9145,124.4402,423.14,94.3238,1627.618557,1469,1782.8,1057.3,2893.2,733.9,25.06701031,17,30.3,8.7,53.1,3
N,194,oct,289.3923866,232.0844,371.6392,144.3,511.4062,109.8228,1834.958763,1627.1,2297.6,1139.3,3273.2,883.9,23.68041237,16.5,29.8,8.6,51.4,2
N,194,nov,368.9493402,260.4044,467.9117,151.2652,703.3443,107.1718,2040.737113,1780.3,2722.8,1223.8,3501.1,841.2,24.29896907,16.6,28.8,10.3,50.4,4.1
N,194,dec,442.2780979,327.3091,496.2835,167.0473,934.6716,102.484,2100.309278,1785,2547.6,1184.5,3684.9,858.8,36.39690722,18.1,32,10,60.7,4.1
N,194,jan,463.2667835,312.3592,573.4714,172.2973,974.622,108.21,2102.840206,1734.8,2592.5,1246.2,3588.4,948.7,33.36597938,17.1,32.1,8.8,57.3,2.9
N,194,feb,379.8963918,260.0232,466.4947,147.5101,745.0395,95.3198,1986.659794,1682.9,2406.9,1129.6,3403.9,857.3,30.58247423,15.8,32.5,9.7,68.6,3.3
N,194,mar,351.2099742,256.7567,451.6108,137.7816,661.7213,98.5922,1919.865979,1686.9,2349.8,1171.5,3367.4,815.6,26.71134021,17.3,30.6,8.7,58.4,2.9
N,194,apr,284.2925412,209.3164,349.7503,136.2429,498.9509,88.1456,1834.072165,1587.4,2215.6,1114.4,3091.8,834.5,25.7371134,17,28,9.9,45.9,3.6
N,194,may,225.2962887,182.9065,265.6948,117.0293,442.2658,82.2757,1626.159794,1402.4,1929.5,930.7,2899.3,695.3,22.53608247,14.9,27,7.9,47.4,1.7
N,194,jun,202.2514536,162.962,238.7447,109.1026,382.1934,73.5771,1539.917526,1384.7,1850.3,938.8,2688.9,700.1,24.0257732,17.1,31,8.1,48.2,2.1
O,296,jul,296.3682736,244.1379,347.2575,175.7845,493.7446,126.8697,1755.429054,1613.8,2094.6,1283.9,2740.7,929.1,41.59797297,28.9,55.6,15.1,88.2,3.9
O,296,aug,309.0151453,250.9469,359.9176,174.2051,494.5669,125.7609,1866.716216,1721.1,2174.4,1300.8,2912,975.7,42.69594595,28.4,54.4,15.1,87.8,5.6
O,296,sep,293.7368851,243.4986,350.7406,171.3538,477.9423,120.5436,1756.472973,1627.7,2052.6,1268.6,2582.9,956.6,41.77364865,28.2,50.1,15.1,81,8.3
O,296,oct,343.1042027,274.1379,394.653,199.6278,573.191,148.8301,1920.192568,1767.3,2343.2,1371.2,2895.5,1066.4,39.20608108,26.9,50.1,13.9,85.4,5.1
O,296,nov,388.2146385,293.7377,439.2496,203.3951,688.2416,159.8846,2051.091216,1820.5,2381.8,1432.1,3140.9,1138,43.31418919,28.7,54.4,14.4,85.9,0.7
O,296,dec,438.5040878,333.7792,502.6972,233.6776,782.2276,170.8555,2268.097973,2049.4,2660.9,1538.5,3559.4,1143.8,46.57094595,29.9,55.5,15.7,92.6,7.8
O,296,jan,427.4813007,318.6623,497.804,225.7324,832.1754,169.4676,2092.290541,1875.9,2464.5,1436.8,3389.6,1170.4,47.81418919,30,60.2,16.9,88.8,9
O,296,feb,362.1263953,278.6629,422.212,196.341,659.0177,144.8329,2049.956081,1863.2,2322.5,1401.8,3084.4,1057.4,36.08783784,22.4,46.1,4.9,82.6,0
O,296,mar,367.2741047,281.1725,432.1016,189.6206,613.2117,139.0371,1972.746622,1746.8,2300.8,1372.9,3048.7,1034.4,42.47635135,28.2,54.1,15,85.6,6.4
O,296,apr,325.7288412,243.6785,377.3743,171.6033,599.0225,126.632,1928.506757,1733.9,2224.7,1247.3,2984,997.6,39.78378378,26.6,47.2,15,81.3,1.9
O,296,may,299.2569189,236.1214,340.5163,155.9966,482.819,115.6946,1850.25,1658.3,2141.4,1263.2,3004.7,943.6,40.88175676,26.8,50.7,15.1,86.9,2.6
O,296,jun,275.0671689,222.6936,312.0707,144.6967,459.5563,111.7316,1785.023649,1549,2060.2,1255.8,2921.1,882.8,42.08445946,26.5,47.6,15,86,0.5
V,255,jul,482.0239804,403.9461,666.8806,255.9024,841.2698,162.5131,2959.552941,2659.5,4185,1793.9,4837.8,1136.1,59.19215686,43.8,76.5,24.4,119.4,10.1
V,255,aug,467.2672196,384.6842,629.664,240.7381,805.6432,162.1635,3008.945098,2715.7,4241.7,1706.9,4968.9,1101.1,56.46666667,38,72.1,19.9,124,8.9
V,255,sep,477.1559255,402.5049,633.2472,238.0307,866.2888,152.553,3026.654902,2882,4229,1639.8,4888.9,1104.4,58.95294118,44.1,69.8,24.1,121.9,12.5
V,255,oct,537.0909922,459.9821,711.1307,265.8377,929.593,154.8178,3192.564706,2931.7,4419.1,1818.1,5396.8,1120.4,58.30588235,38.8,75.6,20.8,121.9,8
V,255,nov,590.7059098,498.9868,766.7277,300.8701,1139.7695,174.2671,3266.160784,3024.5,4543.8,1939.9,5290.9,1251.5,57.02745098,38.1,72.9,20.6,128.3,0.5
V,255,dec,660.6457412,545.3726,871.0468,365.9652,1211.2403,193.6402,3399.980392,3236.3,4476.7,2064.9,5313.7,1307.8,65.0745098,43.1,79,22.4,137.7,12.2
V,255,jan,658.0861882,548.6737,857.2318,338.0628,1340.3692,184.9213,3392.070588,3327.4,4615.9,2081.3,5292.5,1330.1,65.02352941,41.7,80.3,21.7,138.6,10.2
V,255,feb,555.7701804,464.2224,710.5109,304.9096,1020.0799,160.4075,3323.901961,3086.9,4487.8,2064.4,5327.1,1201.4,59.54509804,41.2,74.7,21.6,126.1,0
V,255,mar,565.9420118,491.8226,737.7008,303.9988,1134.445,190.5141,3261.345098,3094.4,4520.3,2030.4,5372.8,1282.7,58.15294118,42.1,74.9,22.3,121.3,6.8
V,255,apr,498.6831843,428.703,621.424,272.661,941.7116,159.5429,3168.45098,2910.5,4311,1828.7,5106,1216.9,57.98039216,43.1,71,21.5,116.4,10
V,255,may,473.8845686,399.4947,624.8014,256.8105,930.3653,144.8496,3012.72549,2894.4,4199.5,1793.8,4951.8,1107.1,53.63921569,37.7,66.8,18.2,113.8,1.2
V,255,jun,450.6926039,372.1981,605.058,255.2276,841.2577,144.8988,3005.603922,2770.8,4315.2,1661.1,4915.6,1051.1,55.92156863,41.9,74.2,20.8,117.7,4
VX,59,jul,293.667,217.9965,351.5367,168.2632,551.5193,103.7707,3029.457627,3493.5,4176.4,1897.9,4614.1,1333.4,0,0,0,0,0,0
VX,59,aug,317.5321017,264.9977,427.2904,196.824,626.9819,97.1094,3063.847458,3629.8,4017.3,1949.5,4596.6,1342.9,0,0,0,0,0,0
VX,59,sep,349.725678,320.0078,504.9313,178.2153,591.3793,135.429,3141.949153,3342.2,4133.2,1917.5,4646.4,1609,0.711864407,0,0,0,0,0
VX,59,oct,483.2400339,392.2031,588.2188,248.4903,980.4997,174.9773,3509.610169,3706.2,4567.9,2374.1,5018.5,1797.5,0.644067797,0,0,0,0,0
VX,59,nov,566.9148136,491.9163,665.7164,285.9114,1042.1058,200.3414,3622.033898,3696.6,4190.6,2637.1,5075.9,1942.3,0.06779661,0,0,0,0,0
VX,59,dec,669.8184237,506.4292,951.267,357.0566,1051.8007,230.4244,3631.813559,3835.8,4398.7,2423.3,5295.8,1819.8,2.576271186,0,0,0,0.3,0
VX,59,jan,661.3364237,519.6291,892.8749,331.4662,1102.4441,254.906,3807.271186,3845.8,4954.9,2608.1,5493.1,1822.6,0.93220339,0,0,0,0,0
VX,59,feb,520.4016441,379.9435,615.3444,285.1418,1011.6416,196.3432,3525.745763,3815.3,4563.8,2322.2,5265.3,1856.4,1.288135593,0,0,0,0,0
VX,59,mar,508.221322,410.6239,658.4406,210.0327,1039.5498,152.907,3519.457627,3811.3,4500.8,2417.1,5346.9,1467.1,0.457627119,0,0,0,0,0
VX,59,apr,396.0296102,275.9549,441.7247,175.7209,772.7138,97.1882,3440.016949,3639.4,4716.4,1932.2,4874.7,1684,0.491525424,0,0,0,0,0
VX,59,may,321.4768814,236.6376,446.7751,164.7676,651.0913,100.774,3362.949153,3796.6,4059.2,1878.6,5165.5,1300.8,0.491525424,0,0,0,0,0
VX,59,jun,288.5235763,232.5641,380.1975,133.5171,561.3419,57.7149,3285.389831,3669.6,4188.5,2009.1,5173.7,1547.2,0.474576271,0,0,0,0,0
X,499,jul,172.6074248,131.7233,199.36,89.0736,308.5325,62.4194,1426.9499,1285.5,1691.7,907.9,2351.9,660,0.122244489,0,0,0,0,0
X,499,aug,193.796014,147.0184,225.4019,99.3958,346.9453,68.4061,1507.991984,1359.3,1831.6,975.8,2443.1,718.2,0.240480962,0,0,0,0,0
X,499,sep,205.4681743,162.0656,241.872,111.7619,362.6458,79.7446,1540.49499,1384.1,1839.5,1025.9,2407.6,714.7,0.426853707,0,0,0,0,0
X,499,oct,272.0316713,207.8845,319.6626,141.7033,516.748,104.7992,1750.024048,1557.9,2037.1,1180.7,2774.8,874.6,0.539078156,0,0,0,0,0
X,499,nov,337.6947014,251.0131,370.1115,166.1213,680.9527,117.853,1906.563126,1648.6,2232.5,1248.5,3237.4,906.9,1.410821643,0,0,0,0,0
X,499,dec,416.3542024,305.0725,474.8146,189.0852,842.6317,140.9269,2069.569138,1829.7,2446.6,1376.1,3536.6,1003.9,6.338677355,0,0,0,3.1,0
X,499,jan,400.72298,274.0487,436.0538,181.8548,839.7788,131.8341,1989.426854,1726,2358.9,1309,3296.4,996.1,3.897795591,0,0,0,0,0
X,499,feb,308.6170862,215.578,343.1485,141.9935,640.6301,102.2559,1884.184369,1649.3,2333.1,1214.8,3320.1,907.8,1.476953908,0,0,0,0,0
X,499,mar,273.2501162,196.8433,313.3332,126.845,528.8193,93.1929,1767.639279,1521.3,2111.4,1121.6,3062,820.9,0.55511022,0,0,0,0,0
X,499,apr,213.8863627,154.883,250.8106,100.3716,451.1739,72.7183,1649.058116,1434,2011.4,1000.2,2803.5,756.6,0.95991984,0,0,0,0,0
X,499,may,175.9563447,132.4082,214.1915,87.5618,324.1269,62.262,1529.571142,1294.8,1868.2,938.1,2634.3,671.9,0.837675351,0,0,0,0,0
X,499,jun,156.9823527,113.9281,188.8691,76.1358,276.9844,51.3974,1461.705411,1241.1,1751.4,891.7,2593.8,650.5,0.340681363,0,0,0,0,0
